sigma_true,n_R0_values,R0_bias_mean,R0_bias_sd,R0_sd_mean,sigma_bias_mean,sigma_bias_sd,sigma_sd_mean
0.94,10,-0.07608040201005031,0.05361583765414573,0.22836415103423438,-0.08164824120603002,0.06393364643051891,0.09502761290212255
